<?xml version = '1.0' encoding = 'UTF-8'?>
<oracle.dbtools.crest.model.design.ContainerWithKeyObject parentClass="oracle.dbtools.crest.model.design.ContainerObject">
   <aa_property name="pk" dataType="oracle.dbtools.crest.model.design.KeyObject" defaultValue="" xmlName="primaryKey" xmlType="element" getter="getPK" setter="setPK" reffered="false"/>
   <aa_property name="pkName" dataType="java.lang.String" defaultValue="" xmlName="pkName" xmlType="element" getter="getPKName" setter="setPKName" reffered="false"/>
   <property name="typeID" dataType="java.lang.String" defaultValue="" xmlName="typeID" xmlType="element" getter="getTypeID" setter="setTypeID" reffered="false"/>
   <roproperty name="valid" dataType="boolean" getter="isValid"/>
   <roproperty name="firstfK" dataType="oracle.dbtools.crest.model.design.KeyObject" getter="getFirstFK"/>
   <roproperty name="keyArrayPrototype" dataType="[Loracle.dbtools.crest.model.design.KeyObject" getter="getKeyArrayPrototype"/>
   <roproperty name="keyGeneratedBy" dataType="oracle.dbtools.crest.model.design.KeyObject" getter="getKeyGeneratedBy"/>
   <roproperty name="keyObject" dataType="oracle.dbtools.crest.model.design.KeyObject" getter="getKeyObject"/>
   <roproperty name="keySet" dataType="oracle.dbtools.crest.model.design.KeyObjectSet" getter="getKeySet"/>
   <roproperty name="keys" dataType="[Loracle.dbtools.crest.model.design.KeyObject" getter="getKeys"/>
   <roproperty name="keysWith" dataType="[Loracle.dbtools.crest.model.design.KeyObject" getter="getKeysWith"/>
   <roproperty name="numberOfKeys" dataType="int" getter="getNumberOfKeys"/>
   <roproperty name="oidKey" dataType="oracle.dbtools.crest.model.design.KeyObject" getter="getOidKey"/>
   <roproperty name="pkorUnique" dataType="oracle.dbtools.crest.model.design.KeyObject" getter="getPKorUnique"/>
   <property name="additionalClassificationTypes" dataType="java.lang.String" defaultValue="" xmlName="additionalClassificationTypes" xmlType="element" getter="getAdditionalClassificationTypesRefs" setter="setAdditionalClassificationTypesRefs" reffered="false" listOfRefs="true"/>
   <roproperty name="additional_Classification_Types" dataType="java.util.ArrayList" getter="getAdd_ClassificationTypes"  search="true"/>
   <roproperty name="allClassificationTypes" dataType="java.util.ArrayList" getter="getAdd_ClassificationTypes"  search="true"/>
   <roproperty name="classificationType" dataType="oracle.dbtools.crest.model.ClassificationType" getter="getClassificationType"  search="true"/>
</oracle.dbtools.crest.model.design.ContainerWithKeyObject>