<?xml version = '1.0' encoding = 'UTF-8'?>
<oracle.dbtools.crest.model.design.multidimensional.Dimension parentClass="oracle.dbtools.crest.model.design.multidimensional.AbstractMDObject">
   <property name="timeDimension" dataType="boolean" defaultValue="false" xmlName="timeDimension" xmlType="element" getter="isTimeDimension" setter="setTimeDimension" search="true" reffered="false"/>
   <property name="useNaturalKeys" dataType="boolean" defaultValue="true" xmlName="useNaturalKeys" xmlType="element" getter="isUseNaturalKeys" setter="setUseNaturalKeys" search="true" reffered="false"/>
   <collection name="calculatedMembers" dataType="java.util.List" xmlName="calculatedMembers" itemXmlName="calculatedMember" getter="getPermanentCalcMembers" createItem="createPermanentCalcMember" getItemByID="getPermanentCalcMemberByID" nativeList="true" orderTheList="true"/>
   <collection name="summaryLevels" dataType="java.util.List" xmlName="summaryLevels" itemXmlName="summaryLevel" itemIsRef="true" getter="getSummaryLevels" nativeList="true" orderTheList="true"/>
   <roproperty name="allattributes" dataType="interface java.util.List" getter="getAllAttributes"/>
   <roproperty name="allLevels" dataType="java.util.ArrayList" getter="getAllLevels" search="true" itemClass="oracle.dbtools.crest.model.design.multidimensional.Level" useInReport="true"/>
   <roproperty name="allHierarchies" dataType="java.util.ArrayList" getter="getAllHierarchies" search="true" itemClass="oracle.dbtools.crest.model.design.multidimensional.Hierarchy" useInReport="true"/>
   <roproperty name="baseEntity" dataType="oracle.dbtools.crest.model.design.logical.Entity" getter="getBaseEntity" search="true"/>
   <roproperty name="baseLevel" dataType="oracle.dbtools.crest.model.design.multidimensional.Level" getter="getBaseLevel" search="true"/>
   <roproperty name="editableFonts" dataType="interface java.util.List" getter="getEditableFonts"/>
   <roproperty name="fontObject" dataType="oracle.dbtools.crest.model.design.FontObject" getter="getFontObject"/>
   <roproperty name="hierarchies" dataType="oracle.dbtools.crest.model.design.DesignObjectCollection" getter="getHierarchies"/>
   <roproperty name="hierarchyDefinedByLevels" dataType="oracle.dbtools.crest.model.design.multidimensional.Hierarchy" getter="getHierarchyDefinedByLevels"/>
   <roproperty name="oracleAWAttributes" dataType="interface java.util.List" getter="getOracleAWAttributes"/>
   <roproperty name="permanentCalcMembers" dataType="interface java.util.List" getter="getPermanentCalcMembers"/>
   <roproperty name="whereClauseFor" dataType="java.lang.String" getter="getWhereClauseFor"/>
</oracle.dbtools.crest.model.design.multidimensional.Dimension>