<?xml version = '1.0' encoding = 'UTF-8'?>
<oracle.dbtools.crest.model.design.datatypes.DTRelation parentClass="oracle.dbtools.crest.model.design.datatypes.AbstractDTObject">
   <property name="destination" dataType="oracle.dbtools.crest.model.design.datatypes.AbstractDTObject" defaultValue="" xmlName="destination" xmlType="element" getter="getDestination" setter="setDestination" reffered="true"/>
   <property name="source" dataType="oracle.dbtools.crest.model.design.datatypes.AbstractDTObject" defaultValue="" xmlName="source" xmlType="element" getter="getSource" setter="setSource" reffered="true"/>
   <property name="sourceDTObject" dataType="oracle.dbtools.crest.model.design.datatypes.AbstractDTObject" defaultValue="" xmlName="sourceDTObject" xmlType="element" getter="getSourceDTObject" setter="setSourceDTObject" reffered="true"/>
   <aa_property name="sourceTV" dataType="oracle.dbtools.crest.swingui.datatypes.AbstractDTTV" defaultValue="" xmlName="sourceTV" xmlType="element" getter="getSourceTV" setter="setSourceTV" reffered="true"/>
   <aa_property name="sourceTopView" dataType="oracle.dbtools.crest.swingui.TopView" defaultValue="" xmlName="sourceTopView" xmlType="element" getter="getSourceTopView" setter="setSourceTopView" reffered="true"/>
   <property name="targetDtObject" dataType="oracle.dbtools.crest.model.design.datatypes.AbstractDTObject" defaultValue="" xmlName="targetDtObject" xmlType="element" getter="getTargetDTObject" setter="setTargetDTObject" reffered="true"/>
   <aa_property name="targettV" dataType="oracle.dbtools.crest.swingui.datatypes.AbstractDTTV" defaultValue="" xmlName="targettV" xmlType="element" getter="getTargetTV" setter="setTargetTV" reffered="true"/>
   <aa_property name="targettopView" dataType="oracle.dbtools.crest.swingui.TopView" defaultValue="" xmlName="targettopView" xmlType="element" getter="getTargetTopView" setter="setTargetTopView" reffered="true"/>
   <roproperty name="valid" dataType="boolean" getter="isValid"/>
   <roproperty name="connection" dataType="oracle.dbtools.crest.model.design.datatypes.DTRelation$Connection" getter="getConnection"/>
   <roproperty name="dpVInfoFor" dataType="oracle.dbtools.crest.model.design.datatypes.DTRelation$dpvInfo" getter="getDPVInfoFor"/>
   <roproperty name="dtObject" dataType="oracle.dbtools.crest.model.design.datatypes.AbstractDTObject" getter="getDTObject"/>
   <roproperty name="object" dataType="oracle.dbtools.crest.model.design.DesignObject" getter="getObject"/>
   <roproperty name="sourceConnection" dataType="oracle.dbtools.crest.model.design.datatypes.DTRelation$Connection" getter="getSourceConnection"/>
   <roproperty name="sourceObject" dataType="oracle.dbtools.crest.model.design.DesignObject" getter="getSourceObject"/>
   <roproperty name="targetConnection" dataType="oracle.dbtools.crest.model.design.datatypes.DTRelation$Connection" getter="getTargetConnection"/>
   <roproperty name="targetObject" dataType="oracle.dbtools.crest.model.design.DesignObject" getter="getTargetObject"/>
   <roproperty name="viewFor" dataType="oracle.dbtools.crest.swingui.TopView" getter="getViewFor"/>
</oracle.dbtools.crest.model.design.datatypes.DTRelation>