<?xml version = '1.0' encoding = 'UTF-8'?>
<oracle.dbtools.crest.model.design.logical.Entity parentClass="oracle.dbtools.crest.model.design.ContainerWithKeyObject">
   <property name="adequatelyNormalized" dataType="java.lang.String" defaultValue="" xmlName="adequatelyNormalized" xmlType="element" getter="getAdequatelyNormalized" setter="setAdequatelyNormalized" reffered="false"/>
   <property name="expectedVolumes" dataType="java.lang.String" defaultValue="" xmlName="expectedVolumes" xmlType="element" getter="getExpectedVolumes" setter="setExpectedVolumes" reffered="false"/>
   <property name="fwdEngineeringStrategyName" dataType="java.lang.String" defaultValue="" xmlName="fwdEngineeringStrategyName" xmlType="element" getter="getFwdEngineeringStrategyName" setter="setFwdEngineeringStrategyName" reffered="false"/>
   <property name="growthPercent" dataType="java.lang.String" defaultValue="" xmlName="growthPercent" xmlType="element" getter="getGrowthPercent" setter="setGrowthPercent" reffered="false"/>
   <property name="growthType" dataType="java.lang.String" defaultValue="" xmlName="growthType" xmlType="element" getter="getGrowthType" setter="setGrowthType" reffered="false"/>
   <should_be_set_whenInheritance_is_created_property name="hierarchicalParent" dataType="oracle.dbtools.crest.model.design.logical.Entity" defaultValue="" xmlName="hierarchicalParent" xmlType="element" getter="getHierarchicalParent" setter="setHierarchicalParent" reffered="true"/>
   <property name="hierarchicalParent" dataType="java.lang.String" defaultValue="" xmlName="hierarchicalParent" xmlType="element" getter="getHierarchicalParentID" setter="setHierarchicalParentID" reffered="false"/>
   <property name="maxVolumes" dataType="java.lang.String" defaultValue="" xmlName="maxVolumes" xmlType="element" getter="getMaxVolumes" setter="setMaxVolumes" reffered="false"/>
   <property name="minVolumes" dataType="java.lang.String" defaultValue="" xmlName="minVolumes" xmlType="element" getter="getMinVolumes" setter="setMinVolumes" reffered="false"/>
   <property name="normalForm" dataType="java.lang.String" defaultValue="" xmlName="normalForm" xmlType="element" getter="getNormalForm" setter="setNormalForm" reffered="false"/>
   <property name="owner" dataType="java.lang.String" defaultValue="" xmlName="owner" xmlType="element" getter="getOwner" setter="setOwner" reffered="false"/>
   <property name="preferredAbbreviation" dataType="java.lang.String" defaultValue="" xmlName="preferredAbbreviation" xmlType="element" getter="getPreferredAbbreviation" setter="setPreferredAbbreviation" reffered="false" search="true"/>
   <property name="scope" dataType="java.lang.String" defaultValue="" xmlName="scope" xmlType="element" getter="getScope" setter="setScope" reffered="false"/>
   <property name="shortName" dataType="java.lang.String" defaultValue="" xmlName="shortName" xmlType="element" getter="getShortName" setter="setShortName" reffered="false" search="true"/>
   <property name="source" dataType="java.lang.String" defaultValue="" xmlName="source" xmlType="element" getter="getSource" setter="setSource" reffered="false"/>
   <property name="synonym" dataType="java.lang.String" defaultValue="" xmlName="synonym" xmlType="element" getter="getSynonym" setter="setSynonym" reffered="false" search="true"/>
   <property name="synonymToDisplay" dataType="java.lang.String" defaultValue="" xmlName="synonymToDisplay" xmlType="element" getter="getSynonymToDisplay" setter="setSynonymToDisplay" reffered="false"/>
   <property name="foldedAttributesMap" dataType="java.util.Map" defaultValue="" xmlName="foldedAttributesMap" xmlType="element" getter="getFoldedAttributesMap" reffered="false"/>
   <property name="basedOnStructuredType" dataType="oracle.dbtools.crest.model.design.datatypes.StructuredType" defaultValue="" xmlName="basedOnStructuredType" xmlType="element" getter="getBasedOnStructuredType" setter="setBasedOnStructuredType" reffered="true" search="true"/>
   <property name="subtypesRefType" dataType="java.lang.String" defaultValue="Identifying" xmlName="subtypesRefType" xmlType="element" getter="getSubtypesRefType" setter="setSubtypesRefType" reffered="false"/>
   <property name="attributeInherType" dataType="java.lang.String" defaultValue="Primary attributes only" xmlName="attributeInherType" xmlType="element" getter="getAttributeInherType" setter="setAttributeInherType" reffered="false"/>
   <property name="generateDiscrimColumn" dataType="boolean" defaultValue="false" xmlName="generateDiscrimColumn" xmlType="element" getter="isGenerateDiscriminatorColumn" setter="setGenerateDiscriminatorColumn" reffered="false"/>
   <property name="discriminatorAttributeID" dataType="java.lang.String" defaultValue="" xmlName="discriminatorAttributeID" xmlType="element" getter="getDiscriminatorAttributeID" setter="setDiscriminatorAttributeID" reffered="false"/>
   <property name="discriminatorColumnName" dataType="java.lang.String" defaultValue="" xmlName="discriminatorColumnName" xmlType="element" getter="getDiscriminatorColumnName" setter="setDiscriminatorColumnName" reffered="false"/>
   <property name="discriminatorValue" dataType="java.lang.String" defaultValue="" xmlName="discriminatorValue" xmlType="element" getter="getDiscriminatorValue" setter="setDiscriminatorValue" reffered="false"/>
   <property name="completeSubtypes" dataType="boolean" defaultValue="false" xmlName="completeSubtypes" xmlType="element" getter="isCompleteSubtypes" setter="setCompleteSubtypes" search="true" reffered="false"/>
   <property name="createSurrogateKey" dataType="boolean" defaultValue="false" xmlName="createSurrogateKey" xmlType="element" getter="isCreateSurrogateKey" setter="setCreateSurrogateKey" search="true" reffered="false"/>
   <collection name="attributes" dataType="java.util.Collection" xmlName="attributes" itemXmlName="Attribute" getter="getElementsCollection" createItem="createAttribute" getItemByID="getElementByID" moveMethod="moveToIndex" itemClass="oracle.dbtools.crest.model.design.logical.Attribute" useInReport="true"/>
   <collection name="nestedAttributes" dataType="java.util.List" xmlName="nestedAttributes" itemXmlName="nestedAttribute" getter="getNestedElements" createItem="createNestedAttribute" getItemByID="getElementByID" itemClass="oracle.dbtools.crest.model.design.logical.Attribute"/>
   <collection name="identifiers" dataType="java.util.List" xmlName="identifiers" itemXmlName="identifier" getter="getUniqueIdentifiers" createItem="createCandidateKey" getItemByID="getKeyObject" applyList="applyKeyOrderFromList" itemClass="oracle.dbtools.crest.model.design.logical.CandidateKey" useInReport="true"/>
   <roproperty name="containerRelation" dataType="oracle.dbtools.crest.model.design.logical.Relation" getter="getContainerRelation"/>
   <roproperty name="hierarchicalAncestorOf" dataType="boolean" getter="isHierarchicalAncestorOf"/>
   <roproperty name="isHierarchicalEntityType" dataType="boolean" getter="isHierarchicalEntityType" search="true"/>
   <roproperty name="isHierarchicalRoot" dataType="boolean" getter="isHierarchicalRoot" search="true"/>
   <roproperty name="inheriting" dataType="boolean" getter="isInheriting"/>
   <roproperty name="allElementsList" dataType="interface java.util.List" getter="getAllElementsList"/>
   <roproperty name="allMappedtables" dataType="interface java.util.List" getter="getAllMappedtables"/>
   <roproperty name="allRelationsTo" dataType="interface java.util.List" getter="getAllRelationsTo"/>
   <roproperty name="arcs" dataType="interface java.util.List" getter="getArcs"/>
   <roproperty name="attributeForDelegate" dataType="oracle.dbtools.crest.model.design.logical.Attribute" getter="getAttributeForDelegate"/>
   <roproperty name="attributeReferingDelegate" dataType="oracle.dbtools.crest.model.design.logical.Attribute" getter="getAttributeReferingDelegate"/>
   <roproperty name="attributeSet" dataType="oracle.dbtools.crest.model.design.logical.AttributeSet" getter="getAttributeSet"/>
   <roproperty name="attributes" dataType="interface java.util.List" getter="getAttributes"/>
   <roproperty name="deletedMapping" dataType="oracle.dbtools.crest.model.xtdmapping.XtdMapping" getter="getDeletedMapping"/>
   <roproperty name="editableFonts" dataType="interface java.util.List" getter="getEditableFonts"/>
   <roproperty name="engTable" dataType="oracle.dbtools.crest.model.design.relational.Table" getter="getEngTable"/>
   <roproperty name="engTables" dataType="interface java.util.List" getter="getEngTables"/>
   <roproperty name="expectedVolumesInt" dataType="int" getter="getExpectedVolumesInt"/>
   <roproperty name="fkAttributeByDelegateGenerator" dataType="oracle.dbtools.crest.model.design.logical.Attribute" getter="getFKAttributeByDelegateGenerator"/>
   <roproperty name="fkAttributeforOriginating" dataType="oracle.dbtools.crest.model.design.logical.Attribute" getter="getFKAttributeForOriginating"/>
   <roproperty name="fontObject" dataType="oracle.dbtools.crest.model.design.FontObject" getter="getFontObject"/>
   <roproperty name="growthPercentInt" dataType="int" getter="getGrowthPercentInt"/>
   <roproperty name="hierarchicalChild" dataType="oracle.dbtools.crest.model.design.logical.Entity" getter="getHierarchicalChild"/>
   <roproperty name="hierarchicalChildrenCount" dataType="int" getter="getHierarchicalChildrenCount"/>
   <roproperty name="hierarchicalFK" dataType="oracle.dbtools.crest.model.design.KeyObject" getter="getHierarchicalFK"/>
   <roproperty name="hierarchicalChildren" dataType="java.util.List" getter="getHierarchicalChildren" search="true"/>
   <roproperty name="hierarchicalLeaves" dataType="java.util.List" getter="getHierarchicalLeaves" search="true"/>
   <roproperty name="hierarchicalPK" dataType="oracle.dbtools.crest.model.design.KeyObject" getter="getHierarchicalPK"/>
   <roproperty name="hierarchicalRoot" dataType="oracle.dbtools.crest.model.design.logical.Entity" getter="getHierarchicalRoot" search="true"/>
   <roproperty name="parentEntity" dataType="oracle.dbtools.crest.model.design.logical.Entity" getter="getHierarchicalParent" search="true"/>
   <roproperty name="inheritanceRelation" dataType="oracle.dbtools.crest.model.design.logical.Relation" getter="getInheritanceRelation"/>
   <roproperty name="mappingFor" dataType="oracle.dbtools.crest.model.xtdmapping.XtdMapping" getter="getMappingFor"/>
   <roproperty name="maxVolumesInt" dataType="int" getter="getMaxVolumesInt"/>
   <roproperty name="minVolumesInt" dataType="int" getter="getMinVolumesInt"/>
   <roproperty name="numberOfnormalRelationConnections" dataType="int" getter="getNumberOfNormalRelationConnections"/>
   <roproperty name="numberOfRelationConnections" dataType="int" getter="getNumberOfRelationConnections"/>
   <roproperty name="pkproviderRelations" dataType="interface java.util.List" getter="getPKProviderRelations"/>
   <roproperty name="relationConnections" dataType="[Loracle.dbtools.crest.model.design.logical.Relation$Connection" getter="getRelationConnections"/>
   <roproperty name="relationTo" dataType="oracle.dbtools.crest.model.design.logical.Relation" getter="getRelationTo"/>
   <roproperty name="relations" dataType="interface java.util.List" getter="getRelations"/>
</oracle.dbtools.crest.model.design.logical.Entity>