<?xml version = '1.0' encoding = 'UTF-8'?>
<oracle.dbtools.crest.model.design.storage.oracle.ExternalTableOracle parentClass="oracle.dbtools.crest.model.design.storage.oracle.AbstractStorageObjectOracle">
   <property name="accessDriverType" dataType="java.lang.String" defaultValue="oracle_loader" xmlName="accessDriverType" xmlType="element" getter="getAccessDriverType" setter="setAccessDriverType" search="true" reffered="false"/>
   <property name="accessParametersType" dataType="java.lang.String" defaultValue="Opaque Format Spec" xmlName="accessParametersType" xmlType="element" getter="getAccessParametersType" setter="setAccessParametersType" search="true" reffered="false"/>
   <property name="clobSubquery" dataType="java.lang.String" defaultValue="" xmlName="clobSubquery" xmlType="element" getter="getClobSubquery" setter="setClobSubquery" search="true" reffered="false"/>
   <property name="defaultdir" dataType="oracle.dbtools.crest.model.design.storage.oracle.DirectoryOracle" defaultValue="" xmlName="defaultdir" xmlType="element" getter="getDefaultDir" setter="setDefaultDir" search="true" reffered="true"/>
   <property name="location" dataType="java.lang.String" defaultValue="" xmlName="location" xmlType="element" getter="getLocation" setter="setLocation" search="true" reffered="false"/>
   <property name="opaqueFormatSpec" dataType="java.lang.String" defaultValue="" xmlName="opaqueFormatSpec" xmlType="element" getter="getOpaqueFormatSpec" setter="setOpaqueFormatSpec" search="true" reffered="false"/>
   <property name="owner" dataType="oracle.dbtools.crest.model.design.storage.oracle.UserOracle" defaultValue="" xmlName="owner" xmlType="element" getter="getOwner" setter="setOwner" search="true" reffered="true"/>
   <property name="parallel" dataType="java.lang.String" defaultValue="NOPARALLEL" xmlName="parallel" xmlType="element" getter="getParallel" setter="setParallel" search="true" reffered="false"/>
   <property name="parallelNum" dataType="int" defaultValue="0" xmlName="parallelNum" xmlType="element" getter="getParallelNum" setter="setParallelNum" search="true" reffered="false"/>
   <property name="rejectLimit" dataType="java.lang.String" defaultValue="UNLIMITED" xmlName="rejectLimit" xmlType="element" getter="getRejectLimit" setter="setRejectLimit" search="true" reffered="false"/>
</oracle.dbtools.crest.model.design.storage.oracle.ExternalTableOracle>