<?xml version = '1.0' encoding = 'UTF-8'?>
<oracle.dbtools.crest.model.design.storage.sqlserver.InstanceDescriptorColumnSqlServer parentClass="oracle.dbtools.crest.model.design.storage.sqlserver.AbstractStorageObjectSqlServer">
   <property name="precision" dataType="int" defaultValue="" xmlName="precision" xmlType="element" getter="getPrecision" setter="setPrecision" reffered="false"/>
   <property name="reference" dataType="boolean" defaultValue="" xmlName="reference" xmlType="element" getter="isReference" setter="setReference" reffered="false"/>
   <property name="scale" dataType="int" defaultValue="" xmlName="scale" xmlType="element" getter="getScale" setter="setScale" reffered="false"/>
   <property name="size" dataType="java.lang.String" defaultValue="" xmlName="size" xmlType="element" getter="getSize" setter="setSize" reffered="false"/>
   <roproperty name="table" dataType="oracle.dbtools.crest.model.design.storage.sqlserver.TableProxySqlServer" getter="getTable"/>
   <roproperty name="type" dataType="oracle.dbtools.crest.model.design.DesignObject" getter="getType"/>
   <property name="typeId" dataType="java.lang.String" defaultValue="" xmlName="typeId" xmlType="element" getter="getTypeId" setter="setTypeId" reffered="false"/>
   <property name="use" dataType="short" defaultValue="0" xmlName="use" xmlType="element" getter="getUse" setter="setUse" reffered="false"/>
   <roproperty name="dataType" dataType="java.lang.String" getter="getDataType"/>
</oracle.dbtools.crest.model.design.storage.sqlserver.InstanceDescriptorColumnSqlServer>