<?xml version = '1.0' encoding = 'UTF-8'?>
<oracle.dbtools.crest.model.design.storage.oracle.LobStorageOracle parentClass="oracle.dbtools.crest.model.design.storage.oracle.AbstractStorageObjectOracle">
   <property name="cache" dataType="java.lang.String" defaultValue="CACHE" xmlName="cache" xmlType="element" getter="getCache" setter="setCache" reffered="false"/>
   <property name="chunk" dataType="int" defaultValue="0" xmlName="chunk" xmlType="element" getter="getChunk" setter="setChunk" reffered="false"/>
   <property name="column" dataType="java.lang.String" defaultValue="" xmlName="column" xmlType="element" getter="getColumn" setter="setColumn" reffered="false"/>
   <property name="compression" dataType="java.lang.String" defaultValue="" xmlName="compression" xmlType="element" getter="getCompression" setter="setCompression" reffered="false"/>
   <property name="compressionType" dataType="java.lang.String" defaultValue="" xmlName="compressionType" xmlType="element" getter="getCompressionType" setter="setCompressionType" reffered="false"/>
   <property name="duplication" dataType="java.lang.String" defaultValue="" xmlName="duplication" xmlType="element" getter="getDuplication" setter="setDuplication" reffered="false"/>
   <property name="freepools" dataType="int" defaultValue="0" xmlName="freepools" xmlType="element" getter="getFreepools" setter="setFreepools" reffered="false"/>
   <roproperty name="listPartition" dataType="oracle.dbtools.crest.model.design.storage.oracle.ListPartitionOracle" getter="getListPartition"/>
   <property name="lobSegmentName" dataType="java.lang.String" defaultValue="" xmlName="lobSegmentName" xmlType="element" getter="getLobSegmentName" setter="setLobSegmentName" reffered="false"/>
   <property name="logging" dataType="java.lang.String" defaultValue="" xmlName="logging" xmlType="element" getter="getLogging" setter="setLogging" reffered="false"/>
   <property name="oldVersions" dataType="java.lang.String" defaultValue="RETENTION" xmlName="oldVersions" xmlType="element" getter="getOldVersions" setter="setOldVersions" reffered="false"/>
   <property name="pcTVersion" dataType="int" defaultValue="0" xmlName="pcTVersion" xmlType="element" getter="getPCTVersion" setter="setPCTVersion" reffered="false"/>
   <roproperty name="partition" dataType="oracle.dbtools.crest.model.design.storage.oracle.PartitionOracle" getter="getPartition"/>
   <property name="scBufferPool" dataType="java.lang.String" defaultValue="DEFAULT" xmlName="scBufferPool" xmlType="element" getter="getSCBufferPool" setter="setSCBufferPool" reffered="false"/>
   <property name="scFreeLists" dataType="int" defaultValue="1" xmlName="scFreeLists" xmlType="element" getter="getSCFreeLists" setter="setSCFreeLists" reffered="false"/>
   <property name="scFreelistGroups" dataType="int" defaultValue="1" xmlName="scFreelistGroups" xmlType="element" getter="getSCFreelistGroups" setter="setSCFreelistGroups" reffered="false"/>
   <property name="scInitialExtent" dataType="long" defaultValue="0" xmlName="scInitialExtent" xmlType="element" getter="getSCInitialExtent" setter="setSCInitialExtent" reffered="false"/>
   <property name="scMaxExtents" dataType="java.lang.String" defaultValue="UNLIMITED" xmlName="scMaxExtents" xmlType="element" getter="getSCMaxExtents" setter="setSCMaxExtents" reffered="false"/>
   <property name="scMinExtents" dataType="int" defaultValue="1" xmlName="scMinExtents" xmlType="element" getter="getSCMinExtents" setter="setSCMinExtents" reffered="false"/>
   <property name="scNextExtent" dataType="long" defaultValue="0" xmlName="scNextExtent" xmlType="element" getter="getSCNextExtent" setter="setSCNextExtent" reffered="false"/>
   <property name="scPctIncrease" dataType="int" defaultValue="0" xmlName="scPctIncrease" xmlType="element" getter="getSCPctIncrease" setter="setSCPctIncrease" reffered="false"/>
   <roproperty name="materializedView" dataType="oracle.dbtools.crest.model.design.storage.oracle.SnapshotOracle" getter="getSnapshot"/>
   <property name="storageInRow" dataType="java.lang.String" defaultValue="ENABLE" xmlName="storageInRow" xmlType="element" getter="getStorageInRow" setter="setStorageInRow" reffered="false"/>
   <roproperty name="table" dataType="oracle.dbtools.crest.model.design.storage.oracle.TableProxyOracle" getter="getTable"/>
   <property name="tableSpace" dataType="oracle.dbtools.crest.model.design.storage.oracle.TableSpaceOracle" defaultValue="" xmlName="tableSpace" xmlType="element" getter="getTableSpace" setter="setTableSpace" reffered="true"/>
</oracle.dbtools.crest.model.design.storage.oracle.LobStorageOracle>
