<?xml version = '1.0' encoding = 'UTF-8'?>
<oracle.dbtools.crest.model.design.datatypes.MethodParam>
   <property name="name" dataType="java.lang.String" defaultValue="" xmlName="name" xmlType="attribute" getter="getName" setter="setName" reffered="false"/>
   <property name="objectID" dataType="java.lang.String" defaultValue="" xmlName="id" xmlType="attribute" getter="getObjectID" setter="setObjectID" reffered="false"/>
   <property name="defaultValue" dataType="java.lang.String" defaultValue="" xmlName="defaultValue" xmlType="element" getter="getDefaultValue" setter="setDefaultValue" reffered="false"/>
   <property name="precision" dataType="int" defaultValue="" xmlName="precision" xmlType="element" getter="getPrecision" setter="setPrecision" reffered="false"/>
   <property name="reference" dataType="boolean" defaultValue="" xmlName="reference" xmlType="element" getter="isReference" setter="setReference" reffered="false"/>
   <property name="scale" dataType="int" defaultValue="" xmlName="scale" xmlType="element" getter="getScale" setter="setScale" reffered="false"/>
   <property name="size" dataType="java.lang.String" defaultValue="" xmlName="size" xmlType="element" getter="getSize" setter="setSize" reffered="false"/>
   <aa_property name="type" dataType="oracle.dbtools.crest.model.design.DesignObject" defaultValue="" xmlName="type" xmlType="element" getter="getType" setter="setType" reffered="true"/>
   <property name="typeID" dataType="java.lang.String" defaultValue="" xmlName="typeID" xmlType="element" getter="getTypeID" setter="setTypeID" reffered="false"/>
   <roproperty name="dataType" dataType="java.lang.String" getter="getDataType"/>
</oracle.dbtools.crest.model.design.datatypes.MethodParam>