<?xml version = '1.0' encoding = 'UTF-8'?>
<oracle.dbtools.crest.model.design.storage.db2.PermissionsDB2 parentClass="oracle.dbtools.crest.model.design.storage.db2.AbstractStorageObjectDB2">
   <property name="auxTable" dataType="oracle.dbtools.crest.model.design.storage.db2.AUXTableDB2" defaultValue="" xmlName="auxTable" xmlType="element" getter="getAuxTable" setter="setAuxTable" reffered="true"/>
   <property name="columnList" dataType="java.lang.String" defaultValue="" xmlName="columnList" xmlType="element" getter="getColumnList" setter="setColumnList" reffered="false"/>
   <property name="privileges" dataType="java.lang.String" defaultValue="" xmlName="privileges" xmlType="element" getter="getPrivileges" setter="setPrivileges" reffered="false" listOfRefs="true"/>
   <property name="privilegesWithGrantOption" dataType="java.lang.String" defaultValue="" xmlName="privilegesWithGrantOption" xmlType="element" getter="getPrivilegesWithGrantOption" setter="setPrivilegesWithGrantOption" reffered="false" listOfRefs="true"/>
   <property name="table" dataType="oracle.dbtools.crest.model.design.storage.db2.TableProxyDB2" defaultValue="" xmlName="table" xmlType="element" getter="getTable" setter="setTable" reffered="true"/>
   <aa_property name="user" dataType="oracle.dbtools.crest.model.design.storage.db2.Owner" defaultValue="" xmlName="user" xmlType="element" getter="getUser" setter="setUser" reffered="true"/>
   <property name="view" dataType="oracle.dbtools.crest.model.design.storage.db2.TableViewProxyDB2" defaultValue="" xmlName="view" xmlType="element" getter="getView" setter="setView" reffered="true"/>
   <roproperty name="columns" dataType="java.util.ArrayList" getter="getColumns"/>
   <roproperty name="privilegesSet" dataType="oracle.dbtools.crest.model.design.storage.db2.PermissionsDB2$InlineList" getter="getPrivilegesSet"/>
   <roproperty name="privilegesWithGrantOptionSet" dataType="oracle.dbtools.crest.model.design.storage.db2.PermissionsDB2$InlineList" getter="getPrivilegesWithGrantOptionSet"/>
   <roproperty name="privs" dataType="java.lang.String" getter="getPrivs"/>
</oracle.dbtools.crest.model.design.storage.db2.PermissionsDB2>