<?xml version = '1.0' encoding = 'UTF-8'?>
<oracle.dbtools.crest.model.design.storage.udb.PermissionsUDB parentClass="oracle.dbtools.crest.model.design.storage.db2.AbstractStorageObjectDB2">
   <property name="columnList" dataType="java.lang.String" defaultValue="" xmlName="columnList" xmlType="element" getter="getColumnList" setter="setColumnList" reffered="false"/>
   <property name="group" dataType="oracle.dbtools.crest.model.design.storage.udb.UserGroupUDB" defaultValue="" xmlName="group" xmlType="element" getter="getGroup" setter="setGroup" reffered="true"/>
   <property name="privileges" dataType="java.lang.String" defaultValue="" xmlName="privileges" xmlType="element" getter="getPrivileges" setter="setPrivileges" reffered="false"/>
   <property name="privilegesWithGrantOption" dataType="java.lang.String" defaultValue="" xmlName="privilegesWithGrantOption" xmlType="element" getter="getPrivilegesWithGrantOption" setter="setPrivilegesWithGrantOption" reffered="false"/>
   <property name="sequence" dataType="oracle.dbtools.crest.model.design.storage.udb.SequenceUDB" defaultValue="" xmlName="sequence" xmlType="element" getter="getSequence" setter="setSequence" reffered="true"/>
   <property name="table" dataType="oracle.dbtools.crest.model.design.storage.udb.TableProxyUDB" defaultValue="" xmlName="table" xmlType="element" getter="getTable" setter="setTable" reffered="true"/>
   <property name="user" dataType="oracle.dbtools.crest.model.design.storage.udb.OwnerUDB" defaultValue="" xmlName="user" xmlType="element" getter="getUser" setter="setUser" reffered="true"/>
   <property name="view" dataType="oracle.dbtools.crest.model.design.storage.udb.TableViewProxyUDB" defaultValue="" xmlName="view" xmlType="element" getter="getView" setter="setView" reffered="true"/>
   <roproperty name="columns" dataType="java.util.ArrayList" getter="getColumns"/>
   <roproperty name="privilegesSet" dataType="oracle.dbtools.crest.model.design.storage.udb.PermissionsUDB$InlineList" getter="getPrivilegesSet"/>
   <roproperty name="privilegesWithGrantOptionSet" dataType="oracle.dbtools.crest.model.design.storage.udb.PermissionsUDB$InlineList" getter="getPrivilegesWithGrantOptionSet"/>
   <roproperty name="privs" dataType="java.lang.String" getter="getPrivs"/>
</oracle.dbtools.crest.model.design.storage.udb.PermissionsUDB>
