<?xml version = '1.0' encoding = 'UTF-8'?>
<oracle.dbtools.crest.model.design.multidimensional.RollupLink parentClass="oracle.dbtools.crest.model.design.multidimensional.AbstractMDObject">
   <property name="childLevel" dataType="oracle.dbtools.crest.model.design.multidimensional.AbstractMDObject" defaultValue="" xmlName="childLevel" xmlType="element" getter="getChildLevel" setter="setChildLevel" search="true" reffered="true"/>
   <property name="defaultAggregationOperator" dataType="java.lang.String" defaultValue="" xmlName="defaultAggregationOperator" xmlType="element" getter="getDefaultAggregationOperator" setter="setDefaultAggregationOperator" search="true" reffered="false"/>
   <property name="factEntity" dataType="oracle.dbtools.crest.model.design.ContainerObject" defaultValue="" xmlName="factEntity" xmlType="element" getter="getFactEntity" setter="setFactEntity" search="true" reffered="true"/>
   <property name="parentLevel" dataType="oracle.dbtools.crest.model.design.multidimensional.AbstractMDObject" defaultValue="" xmlName="parentLevel" xmlType="element" getter="getParentLevel" setter="setParentLevel" search="true" reffered="true"/>
   <property name="rolePlaying" dataType="boolean" defaultValue="" xmlName="rolePlaying" xmlType="element" getter="isRolePlaying" setter="setRolePlaying" search="true" reffered="false"/>
   <property name="sparseDimension" dataType="boolean" defaultValue="" xmlName="sparseDimension" xmlType="element" getter="isSparseDimension" setter="setSparseDimension" search="true" reffered="false"/>
   <property name="link" dataType="oracle.dbtools.crest.model.design.multidimensional.Link" defaultValue="" xmlName="link" xmlType="element" getter="getLink" createItem="getOrCreateLink" reffered="false"/>
   <collection name="childToParentAttributes" dataType="java.util.List" xmlName="childToParentAttributes" itemXmlName="joinAttribute" itemIsRef="true" getter="getChildToParentAttributes" nativeList="true" orderTheList="true"/>
   <roproperty name="childToParent_Attributes" dataType="java.util.List" getter="getChildToParentAttributes" search="true"/>
   <roproperty name="link" dataType="oracle.dbtools.crest.model.design.multidimensional.Link" getter="getLink"/>
   <roproperty name="cube" dataType="oracle.dbtools.crest.model.design.multidimensional.Cube" getter="getCube" search="true"/>
   <roproperty name="dimension" dataType="oracle.dbtools.crest.model.design.multidimensional.Dimension" getter="getDimension" search="true"/>
   <roproperty name="isDimensionUsage" dataType="boolean" getter="isDimensionUsage" search="true"/>
</oracle.dbtools.crest.model.design.multidimensional.RollupLink>