<?xml version = '1.0' encoding = 'UTF-8'?>
<oracle.dbtools.crest.model.design.storage.sqlserver.v2k12.SequenceSqlServerv2k12 parentClass="oracle.dbtools.crest.model.design.storage.sqlserver.AbstractStorageObjectSqlServer">
   <property name="cache" dataType="java.lang.String" defaultValue="" xmlName="cache" xmlType="element" getter="getCache" setter="setCache" search="true" reffered="false"/>
   <property name="cycle" dataType="java.lang.String" defaultValue="NO" xmlName="cycle" xmlType="element" getter="getCycle" setter="setCycle" search="true" reffered="false"/>
   <property name="database" dataType="oracle.dbtools.crest.model.design.storage.sqlserver.DataBaseSqlServer" defaultValue="" xmlName="database" xmlType="element" getter="getDatabase" setter="setDatabase" search="true" reffered="true"/>
   <property name="incrementBy" dataType="java.lang.String" defaultValue="" xmlName="incrementBy" xmlType="element" getter="getIncrementBy" setter="setIncrementBy" search="true" reffered="false"/>
   <property name="integerPrecision" dataType="java.lang.String" defaultValue="" xmlName="integerPrecision" xmlType="element" getter="getIntegerPrecision" setter="setIntegerPrecision" search="true" reffered="false"/>
   <property name="integerType" dataType="java.lang.String" defaultValue="" xmlName="integerType" xmlType="element" getter="getIntegerType" setter="setIntegerType" search="true" reffered="false"/>
   <property name="maxValue" dataType="java.lang.String" defaultValue="" xmlName="maxValue" xmlType="element" getter="getMaxValue" setter="setMaxValue" search="true" reffered="false"/>
   <property name="minValue" dataType="java.lang.String" defaultValue="" xmlName="minValue" xmlType="element" getter="getMinValue" setter="setMinValue" search="true" reffered="false"/>
   <property name="noCache" dataType="java.lang.String" defaultValue="NO" xmlName="noCache" xmlType="element" getter="getNoCache" setter="setNoCache" search="true" reffered="false"/>
   <property name="schema" dataType="oracle.dbtools.crest.model.design.storage.sqlserver.SchemaSqlServer" defaultValue="" xmlName="schema" xmlType="element" getter="getSchema" setter="setSchema" search="true" reffered="true"/>
   <property name="startWith" dataType="java.lang.String" defaultValue="" xmlName="startWith" xmlType="element" getter="getStartWith" setter="setStartWith" search="true" reffered="false"/>
   <bb_roproperty name="propertyWrapperList" dataType="interface java.util.List" getter="getPropertyWrapperList"/>
</oracle.dbtools.crest.model.design.storage.sqlserver.v2k12.SequenceSqlServerv2k12>
