<?xml version = '1.0' encoding = 'UTF-8'?>
<oracle.dbtools.crest.model.design.storage.udb.SequenceUDB parentClass="oracle.dbtools.crest.model.design.storage.db2.AbstractStorageObjectDB2">
   <property name="cache" dataType="int" defaultValue="20" xmlName="cache" xmlType="element" getter="getCache" setter="setCache" search="true" reffered="false"/>
   <property name="cycle" dataType="java.lang.String" defaultValue="NO" xmlName="cycle" xmlType="element" getter="getCycle" setter="setCycle" search="true" reffered="false"/>
   <property name="datatype" dataType="java.lang.String" defaultValue="INTEGER" xmlName="datatype" xmlType="element" getter="getDatatype" setter="setDatatype" reffered="false" search="true"/>
   <property name="incrementBy" dataType="int" defaultValue="1" xmlName="incrementBy" xmlType="element" getter="getIncrementBy" setter="setIncrementBy" search="true" reffered="false"/>
   <property name="maxValue" dataType="java.lang.String" defaultValue="NO" xmlName="maxValue" xmlType="element" getter="getMaxValue" setter="setMaxValue" search="true" reffered="false"/>
   <property name="minValue" dataType="java.lang.String" defaultValue="NO" xmlName="minValue" xmlType="element" getter="getMinValue" setter="setMinValue" search="true" reffered="false"/>
   <property name="order" dataType="java.lang.String" defaultValue="NO" xmlName="order" xmlType="element" getter="getOrder" setter="setOrder" search="true" reffered="false"/>
   <property name="owner" dataType="oracle.dbtools.crest.model.design.storage.db2.Owner" defaultValue="" xmlName="owner" xmlType="element" getter="getOwner" setter="setOwner" reffered="true" search="true"/>
   <property name="schema" dataType="oracle.dbtools.crest.model.design.storage.udb.SchemaUDB" defaultValue="" xmlName="schema" xmlType="element" getter="getSchema" setter="setSchema" reffered="true" search="true"/>
   <property name="startWith" dataType="int" defaultValue="1" xmlName="startWith" xmlType="element" getter="getStartWith" setter="setStartWith" search="true" reffered="false"/>
</oracle.dbtools.crest.model.design.storage.udb.SequenceUDB>