<?xml version = '1.0' encoding = 'UTF-8'?>
<oracle.dbtools.crest.model.design.storage.oracle.SequenceOracle parentClass="oracle.dbtools.crest.model.design.storage.oracle.AbstractStorageObjectOracle">
   <property name="cache" dataType="java.lang.String" defaultValue="" xmlName="cache" xmlType="element" getter="getCache" setter="setCache" search="true" reffered="false"/>
   <property name="cycle" dataType="java.lang.String" defaultValue="NO" xmlName="cycle" xmlType="element" getter="getCycle" setter="setCycle" search="true" reffered="false"/>
   <property name="incrementBy" dataType="java.lang.String" defaultValue="" xmlName="incrementBy" xmlType="element" getter="getIncrementBy" search="true" setter="setIncrementBy" reffered="false"/>
   <property name="maxValue" dataType="java.lang.String" defaultValue="" xmlName="maxValue" xmlType="element" getter="getMaxValue" setter="setMaxValue" search="true" reffered="false"/>
   <property name="minValue" dataType="java.lang.String" defaultValue="" xmlName="minValue" xmlType="element" getter="getMinValue" setter="setMinValue" search="true" reffered="false"/>
   <property name="noCache" dataType="java.lang.String" defaultValue="NO" xmlName="noCache" xmlType="element" getter="getNoCache" setter="setNoCache" search="true" reffered="false"/>
   <property name="order" dataType="java.lang.String" defaultValue="NO" xmlName="order" xmlType="element" getter="getOrder" setter="setOrder" search="true" reffered="false"/>
   <property name="session" dataType="java.lang.String" defaultValue="NO" xmlName="session" xmlType="element" getter="getSession" setter="setSession" search="true" reffered="false"/>
   <property name="startWith" dataType="java.lang.String" defaultValue="" xmlName="startWith" xmlType="element" getter="getStartWith" setter="setStartWith" search="true" reffered="false"/>
   <property name="user" dataType="oracle.dbtools.crest.model.design.storage.oracle.UserOracle" defaultValue="" xmlName="user" xmlType="element" getter="getUser" setter="setUser" search="true" reffered="true"/>
   <bb_roproperty name="propertyWrapperList" dataType="interface java.util.List" getter="getPropertyWrapperList"/>
   <collection name="synonyms" dataType="oracle.dbtools.crest.model.design.storage.StorageObjectCollection" xmlName="synonyms" itemXmlName="Synonym" getter="getSynonyms" createItem="createSynonym" />
</oracle.dbtools.crest.model.design.storage.oracle.SequenceOracle>
