<?xml version = '1.0' encoding = 'UTF-8'?>
<oracle.dbtools.crest.model.design.multidimensional.SlowChangingAttribute parentClass="oracle.dbtools.crest.model.design.multidimensional.AbstractMDObject">
   <property name="attribute" dataType="oracle.dbtools.crest.model.design.ContainedObject" defaultValue="" xmlName="attribute" xmlType="element" getter="getAttribute" setter="setAttribute"  search="true" reffered="true"/>
   <property name="classification" dataType="java.lang.String" defaultValue="" xmlName="classification" xmlType="element" getter="getClassification" setter="setClassification"  search="true" reffered="false"/>
   <property name="indexed" dataType="boolean" defaultValue="" xmlName="indexed" xmlType="element" getter="isIndexed" setter="setIndexed"  search="true" reffered="false"/>
   <bbbproperty name="name" dataType="java.lang.String" defaultValue="" xmlName="name" xmlType="attribute" getter="getName" setter="setName" reffered="false"/>
   <bbbbproperty name="objectID" dataType="java.lang.String" defaultValue="" xmlName="id" xmlType="attribute" getter="getObjectID" setter="setObjectID" reffered="false"/>
   <property name="type" dataType="java.lang.String" defaultValue="" xmlName="type" xmlType="element" getter="getType" setter="setType"  search="true" reffered="false"/>
   <collection name="historyAttributes" dataType="java.util.List" xmlName="historyAttributes" itemXmlName="attribute" itemIsRef="true" getter="getHistoryAttributes" nativeList="true" orderTheList="true"/>
   <roproperty name="historyAttributes" dataType="interface java.util.List" getter="getHistoryAttributes"/>
</oracle.dbtools.crest.model.design.multidimensional.SlowChangingAttribute>