<?xml version = '1.0' encoding = 'UTF-8'?>
<oracle.dbtools.crest.model.design.storage.oracle.v10g.TableSpaceOraclev10g parentClass="oracle.dbtools.crest.model.design.storage.oracle.v9i.TableSpaceOraclev9i">
   <property name="compressionType" dataType="java.lang.String" defaultValue="" xmlName="compressionType" xmlType="element" getter="getCompressionType" setter="setCompressionType" search="true" reffered="false"/>
   <property name="diskGroup" dataType="oracle.dbtools.crest.model.design.storage.oracle.v10g.DiskGroupOraclev10g" defaultValue="" xmlName="diskGroup" xmlType="element" getter="getDiskGroup" setter="setDiskGroup" search="true" reffered="true"/>
   <property name="dsCompression" dataType="java.lang.String" defaultValue="" xmlName="dsCompression" xmlType="element" getter="getDSCompression" setter="setDSCompression" reffered="false"/>
   <property name="encrypt" dataType="java.lang.String" defaultValue="" xmlName="encrypt" xmlType="element" getter="getEncrypt" setter="setEncrypt" reffered="false"/>
   <property name="encryptionAlgorithm" dataType="java.lang.String" defaultValue="" xmlName="encryptionAlgorithm" xmlType="element" getter="getEncryptionAlgorithm" setter="setEncryptionAlgorithm" reffered="false"/>
   <property name="fileType" dataType="java.lang.String" defaultValue="" xmlName="fileType" xmlType="element" getter="getFileType" setter="setFileType" reffered="false"/>
   <property name="flashBack" dataType="java.lang.String" defaultValue="ON" xmlName="flashBack" xmlType="element" getter="getFlashBack" setter="setFlashBack" reffered="false"/>
   <property name="inMemory" dataType="java.lang.String" defaultValue="" xmlName="inMemory" xmlType="element" getter="getInMemory" setter="setInMemory" search="true" reffered="false"/>
   <property name="inMemoryCompression" dataType="java.lang.String" defaultValue="" xmlName="inMemoryCompression" xmlType="element" getter="getInMemoryCompression" setter="setInMemoryCompression" search="true" reffered="false"/>
   <property name="inMemoryDistribute" dataType="java.lang.String" defaultValue="" xmlName="inMemoryDistribute" xmlType="element" getter="getInMemoryDistribute" setter="setInMemoryDistribute" search="true" reffered="false"/>
   <property name="inMemoryDuplicate" dataType="java.lang.String" defaultValue="" xmlName="inMemoryDuplicate" xmlType="element" getter="getInMemoryDuplicate" setter="setInMemoryDuplicate" search="true" reffered="false"/>
   <property name="inMemoryPriority" dataType="java.lang.String" defaultValue="" xmlName="inMemoryPriority" xmlType="element" getter="getInMemoryPriority" setter="setInMemoryPriority" search="true" reffered="false"/>
</oracle.dbtools.crest.model.design.storage.oracle.v10g.TableSpaceOraclev10g>