<?xml version = '1.0' encoding = 'UTF-8'?>
<DomainFile class="oracle.dbtools.crest.model.design.DomainFileWrapper" fileName="defaultdomains">
   <domains>
      <Domain class="oracle.dbtools.crest.model.design.Domain" name="Unknown" id="DOM3000004">
         <createdBy>Rafael</createdBy>
         <createdTime>2016-10-14 22:29:30 UTC</createdTime>
         <ownerDesignName>System</ownerDesignName>
         <avTSortOrder>0</avTSortOrder>
         <fileName>defaultdomains</fileName>
         <logicalDatatype>LOGDT017</logicalDatatype>
      </Domain>
   </domains>
</DomainFile>